lorem, 28
ipsum, 39
dolor, 37
sit, 65
amet, 65
consectetur, 26
adipiscing, 5
elit, 36
nulla, 52
risus, 32
iaculis, 19
sed, 87
nisl, 53
at, 57
congue, 22
semper, 32
mi, 32
morbi, 17
in, 74
ornare, 25
neque, 35
nec, 50
dignissim, 23
sem, 40
suspendisse, 27
mollis, 24
etiam, 21
pharetra, 19
fermentum, 23
ante, 35
eu, 56
aliquam, 44
tincidunt, 53
id, 68
nunc, 46
vulputate, 21
nisi, 29
imperdiet, 27
urna, 38
eget, 70
facilisis, 22
vivamus, 22
erat, 30
dui, 25
blandit, 21
purus, 37
et, 78
egestas, 27
porta, 19
tortor, 31
venenatis, 23
luctus, 23
pellentesque, 54
gravida, 18
sagittis, 23
augue, 37
mattis, 24
eros, 29
molestie, 24
ac, 63
quisque, 18
fusce, 22
auctor, 22
quam, 25
faucibus, 28
volutpat, 23
ut, 65
laoreet, 37
arcu, 41
quis, 64
lacinia, 16
felis, 27
libero, 36
curabitur, 18
a, 68
massa, 37
cursus, 26
hendrerit, 26
interdum, 32
duis, 22
rutrum, 19
suscipit, 21
consequat, 21
est, 31
aliquet, 14
vitae, 59
lacus, 29
integer, 17
scelerisque, 21
sollicitudin, 27
commodo, 25
vel, 54
fringilla, 23
vestibulum, 46
donec, 38
justo, 34
lectus, 22
ultrices, 26
dictum, 25
enim, 28
feugiat, 18
pulvinar, 20
tellus, 22
aenean, 20
condimentum, 18
tempor, 25
posuere, 23
accumsan, 25
orci, 31
leo, 33
malesuada, 30
nullam, 23
eleifend, 32
porttitor, 22
rhoncus, 17
magna, 23
praesent, 24
ex, 25
euismod, 28
nam, 23
nibh, 21
finibus, 24
maecenas, 20
viverra, 24
mauris, 52
placerat, 26
velit, 33
non, 60
turpis, 30
tristique, 30
ultricies, 30
tempus, 30
metus, 36
vehicula, 23
class, 1
aptent, 1
taciti, 1
sociosqu, 1
ad, 1
litora, 1
torquent, 1
per, 2
conubia, 1
nostra, 1
inceptos, 1
himenaeos, 1
elementum, 21
varius, 35
ullamcorper, 21
ligula, 29
natoque, 4
penatibus, 4
magnis, 4
dis, 4
parturient, 4
montes, 4
nascetur, 4
ridiculus, 4
mus, 4
odio, 32
efficitur, 19
phasellus, 20
lobortis, 19
dapibus, 13
maximus, 24
cras, 19
pretium, 26
bibendum, 15
sodales, 13
convallis, 22
sapien, 34
diam, 28
proin, 14
hac, 4
habitasse, 4
platea, 4
dictumst, 4
potenti, 5
habitant, 5
senectus, 5
netus, 5
fames, 6
facilisi, 4
primis, 5
cubilia, 4
curae, 4
